:ID(Message),message_id,timestamp:datetime
7955b5d4e050fedb3efbd3e14d65740c0b86828a,7955b5d4e050fedb3efbd3e14d65740c0b86828a,
122cb20e5181b8e8e54a4eaf1f355343da88c68d,122cb20e5181b8e8e54a4eaf1f355343da88c68d,
5f61438bd2bea46dd7bd2a1dbd2fda09907c29b5,5f61438bd2bea46dd7bd2a1dbd2fda09907c29b5,
a980bf1e0eec8a70526b4bd5509d5c44dc703a33,a980bf1e0eec8a70526b4bd5509d5c44dc703a33,
4123385d9ee6110ac2d80a0f623dea9659e0351d,4123385d9ee6110ac2d80a0f623dea9659e0351d,
d835b13c6382f85eb97a2e6e1595ebbc6d80954d,d835b13c6382f85eb97a2e6e1595ebbc6d80954d,
12e2f6d12f7530ac0e077abc856e759dc065af59,12e2f6d12f7530ac0e077abc856e759dc065af59,
8bb01de8c6bfdb29c9f661558b9bd89b7c816d8a,8bb01de8c6bfdb29c9f661558b9bd89b7c816d8a,
d171ca7dea269f7163cab626598fc235e2d6ac09,d171ca7dea269f7163cab626598fc235e2d6ac09,
ea140033e2b69061beb8125dc1d3cbcca5373e5b,ea140033e2b69061beb8125dc1d3cbcca5373e5b,
50eefe90d3c065b63ce1b69d8ed10323eac026c7,50eefe90d3c065b63ce1b69d8ed10323eac026c7,
2d85f89103c70df1b40b45957d34b9ef933decfe,2d85f89103c70df1b40b45957d34b9ef933decfe,
18acea95eced7c5919cafaac06f98d6a59ffc006,18acea95eced7c5919cafaac06f98d6a59ffc006,
39db1b8fc86e837d4471c0e25c34a0fc454f0d22,39db1b8fc86e837d4471c0e25c34a0fc454f0d22,
c613364deee45de5b9be19e8e0489a818789ee6e,c613364deee45de5b9be19e8e0489a818789ee6e,
f78365f9954754261bb4de2c63dc23c9d620fb79,f78365f9954754261bb4de2c63dc23c9d620fb79,
2afc9e1de274846c174b1d612ce47c2557013a03,2afc9e1de274846c174b1d612ce47c2557013a03,
946e1bc020b5219565157cf33078acba7c001c8e,946e1bc020b5219565157cf33078acba7c001c8e,
00a971d86dd10ae87870f93cf76d5dc92aa9281f,00a971d86dd10ae87870f93cf76d5dc92aa9281f,
283c1ee41a51580e8d7782f533e044a594e31ee2,283c1ee41a51580e8d7782f533e044a594e31ee2,
0268b6cd7319a8809eb116e1432f6c52bab638ca,0268b6cd7319a8809eb116e1432f6c52bab638ca,
0cf1cdb56321504d848c4c028e7086316c6c9d22,0cf1cdb56321504d848c4c028e7086316c6c9d22,
bc2167ea5b8cebffaa79f7a89751cb30cd3009cb,bc2167ea5b8cebffaa79f7a89751cb30cd3009cb,
cb81d504375170eda4f75b37a8f6a4adfbb68447,cb81d504375170eda4f75b37a8f6a4adfbb68447,
0e7635d1400389fd3139feff446cba902e6536cc,0e7635d1400389fd3139feff446cba902e6536cc,
28baf928e6150da69c90862e6448a1579f0f28ca,28baf928e6150da69c90862e6448a1579f0f28ca,
2b4c50e5b3808a10025e53007e056c859a5cf449,2b4c50e5b3808a10025e53007e056c859a5cf449,
645df3642a502531e0dcce9c81ee0f47b0c6c09c,645df3642a502531e0dcce9c81ee0f47b0c6c09c,
70e80591b2a49573c28f1caf77e52a65bc378112,70e80591b2a49573c28f1caf77e52a65bc378112,
9c02b3d0dd82e34fd02451ec5eba0064c74ba05a,9c02b3d0dd82e34fd02451ec5eba0064c74ba05a,
9f798adee6255b92e68c0cdf5ac03b773cba583a,9f798adee6255b92e68c0cdf5ac03b773cba583a,
bda3845da2f4fc29c3e229c6cf8a7f6049b4f42e,bda3845da2f4fc29c3e229c6cf8a7f6049b4f42e,
e2c53a0c6f8d52f2e7720be1327bbb68cc41c748,e2c53a0c6f8d52f2e7720be1327bbb68cc41c748,
e38709e2411eb523aa4a876f939fca8c99e48fa4,e38709e2411eb523aa4a876f939fca8c99e48fa4,
e6371a43826faa8b9dbdc6aa88127bb6931e0113,e6371a43826faa8b9dbdc6aa88127bb6931e0113,
ecf9d60315d23086452d31f8d82dac0cb1db9693,ecf9d60315d23086452d31f8d82dac0cb1db9693,
45cb738e9bc64d5012eed3cce5f8a921202371de,45cb738e9bc64d5012eed3cce5f8a921202371de,
8ab52856bd5e8c297b2e61a06864be3d8d68ddf4,8ab52856bd5e8c297b2e61a06864be3d8d68ddf4,
ab292afd746f30eeb617bdd1b313f21e5933abd3,ab292afd746f30eeb617bdd1b313f21e5933abd3,
6ef15fcb769890cb883a199a6b9f7ad79f23cbd4,6ef15fcb769890cb883a199a6b9f7ad79f23cbd4,
fb6fa8c19de1387609a47c35ec3f551c3c47a8ea,fb6fa8c19de1387609a47c35ec3f551c3c47a8ea,
20d3ed1387a8e7a8948586d97529eb98e60b30a8,20d3ed1387a8e7a8948586d97529eb98e60b30a8,
9680713206c6d4489015fbb5844659908e9f29f1,9680713206c6d4489015fbb5844659908e9f29f1,
0f2de7edc982bdf753f2358004c7927add20738a,0f2de7edc982bdf753f2358004c7927add20738a,
c6c6aff20a390747f583d97941d0dbe7f6fb9e84,c6c6aff20a390747f583d97941d0dbe7f6fb9e84,
6e57a21bbac3bdddb863135273ddf0640674f775,6e57a21bbac3bdddb863135273ddf0640674f775,
9f41c7665e6ffdc7d8b3fdeccccbb34b5f673497,9f41c7665e6ffdc7d8b3fdeccccbb34b5f673497,
40ce851e5e85671b49d1e13c76a71bf06532f8fb,40ce851e5e85671b49d1e13c76a71bf06532f8fb,
bda8134dad67d6a7750633e038180f1849e53998,bda8134dad67d6a7750633e038180f1849e53998,
2b878ece6a6c5295cc7c77232ef63c03afc6b736,2b878ece6a6c5295cc7c77232ef63c03afc6b736,
b14b918a3ba35ec180360d5b56278611c2697c5a,b14b918a3ba35ec180360d5b56278611c2697c5a,
3258705b06490b837ae7da84cd8d690449e910b1,3258705b06490b837ae7da84cd8d690449e910b1,
a940b129291ec997b2176916b9cc463eb7b2f7df,a940b129291ec997b2176916b9cc463eb7b2f7df,
aeb1fd92d5e48d58f2daf00b6c481f1f4f00d977,aeb1fd92d5e48d58f2daf00b6c481f1f4f00d977,
aeaf7d739c9a8bd8349186b352619652aca256e5,aeaf7d739c9a8bd8349186b352619652aca256e5,
324e4726dd4f989ed2d76f9e38188a93fc53f122,324e4726dd4f989ed2d76f9e38188a93fc53f122,
a33f52c7e7afe40d3672acb7bce99bac3a0f4440,a33f52c7e7afe40d3672acb7bce99bac3a0f4440,
4e838ed8f7a4c2d702312f4e2294de4e0a405ea3,4e838ed8f7a4c2d702312f4e2294de4e0a405ea3,
e93a8cedd3fefad10e2a55b9dff5519ee0b20bd0,e93a8cedd3fefad10e2a55b9dff5519ee0b20bd0,
85517f6a98c02c2e0f35dbab13864eafddb064eb,85517f6a98c02c2e0f35dbab13864eafddb064eb,
1e8177a66e77ad9669036da4f69bfcced43917cc,1e8177a66e77ad9669036da4f69bfcced43917cc,
d02f3fddb4f55cb50bedc05062fa73cda071b5ab,d02f3fddb4f55cb50bedc05062fa73cda071b5ab,
b683704cdaaed54b228a83b8e809b034778da6fb,b683704cdaaed54b228a83b8e809b034778da6fb,
99e5abb6ac40d2addd8ae1de6520b2de9a40ab14,99e5abb6ac40d2addd8ae1de6520b2de9a40ab14,
11a4d7ff60bd9f720aac2f5a9b9cda75570d59bb,11a4d7ff60bd9f720aac2f5a9b9cda75570d59bb,
37d8ebf05523daa48ecf714a72476fd4cd92e2ea,37d8ebf05523daa48ecf714a72476fd4cd92e2ea,
38062ac52bf79bfddc9cb2d37e921b7d646d65ac,38062ac52bf79bfddc9cb2d37e921b7d646d65ac,
f474bc97947c0c99387a8475fcb2662c13574900,f474bc97947c0c99387a8475fcb2662c13574900,
c984ee1f9f380bb8dc911f18483ee67a67762492,c984ee1f9f380bb8dc911f18483ee67a67762492,
5e301fc22b94e9e864684131a97610bca042bc05,5e301fc22b94e9e864684131a97610bca042bc05,
aad579c4038a47986118b5340f903a72484e52f5,aad579c4038a47986118b5340f903a72484e52f5,
ada9cc5668125aa8b617b9192fdb8fc14779f5c5,ada9cc5668125aa8b617b9192fdb8fc14779f5c5,
bec881c656058d5b4bd74c3e30aa7a1e046a8ef7,bec881c656058d5b4bd74c3e30aa7a1e046a8ef7,
c2839ab39b4a312e84d59591f8c1fa988c9f1b6f,c2839ab39b4a312e84d59591f8c1fa988c9f1b6f,
d163044c0851a8e9ab9e5abe5dc1e0f553606dfc,d163044c0851a8e9ab9e5abe5dc1e0f553606dfc,
d2bb9b788d060949ba9d05f771bd9304fb5c1f93,d2bb9b788d060949ba9d05f771bd9304fb5c1f93,
d5946b6aa5c39e6a455a96b304d3403161249596,d5946b6aa5c39e6a455a96b304d3403161249596,
